persona_id,persona_name,BrandMuscle,Cardinal Digital Marketing,Curious Jane,Directive Consulting,Firegang Dental Marketing,Franchise FastLane,Franchise Performance Group,Great Dental Websites,KickStart Dental Marketing,Location3,NoGood,Pain-Free Dental Marketing,Powered by Search,Refine Labs,SOCi,Scorpion,SmartBug Media,Wonderist Agency
P1,Jordan,0.46573198,0.5753178,0.5259061,0.6985156,0.37783036,0.40857634,0.53573525,0.4791553,0.5087823,0.57976985,0.61154574,0.5471333,0.77299124,0.63980883,0.52658075,0.54701054,0.620895,0.5198963
P2,Sandra,0.5049034,0.61657465,0.56555593,0.6746855,0.39799124,0.42176563,0.55041456,0.49767262,0.5257717,0.6203162,0.61818564,0.5846773,0.7167812,0.6060302,0.5387287,0.5608386,0.64182115,0.55175567
P3,Ray,0.45327967,0.66318434,0.52192336,0.5852054,0.61099374,0.39187855,0.52573895,0.7278608,0.7475799,0.5975844,0.5524649,0.7781321,0.6248463,0.5039602,0.506338,0.58581555,0.5500117,0.71435654
P4,Christine,0.49298635,0.561293,0.6248622,0.5712401,0.39137647,0.57805824,0.6655193,0.48250037,0.50959265,0.68091536,0.5633457,0.5534808,0.6168996,0.5021426,0.5789683,0.5797295,0.56197375,0.52129143
P5,Derek,0.45793125,0.5519244,0.6448,0.5884697,0.4112142,0.63053644,0.7466829,0.4818811,0.51507926,0.6306064,0.55683386,0.5414869,0.62618446,0.52881294,0.5167167,0.56713504,0.5544795,0.5089027
